datetime,FST_Thermocouple_Handheld,AirTemp,SolarA,dp,ws,SolarB,treatment,date,FruitSize(mm),FST_SolarA_WeatherBased,FST_SolarB_WeatherBAsed
7/12/2022 12:39,29.1,29.6,871,24.55058572,0.29,84,Control,7/12/2022,47,54.49,42.24
7/12/2022 12:41,31.3,29.6,870,22.93014265,0.28,84,Control,7/12/2022,47,54.48,42.11
7/12/2022 12:42,29.9,29.4,873,22.24399541,0.28,84,Control,7/12/2022,47,54.21,41.77
7/12/2022 12:44,30.2,30.2,874,21.11590533,0.31,85,Control,7/12/2022,47,54.04,42.03
7/12/2022 12:46,29.5,29.9,875,21.00242454,0.25,84,Control,7/12/2022,47,55.46,42.57
7/12/2022 12:47,30,30.3,876,20.14488972,0.29,86,Control,7/12/2022,47,54.54,42.26
7/12/2022 12:50,30.3,30.3,879,22.00301111,0.34,89,Control,7/12/2022,47,53.63,41.97
7/12/2022 12:53,33.6,29.8,881,22.9724144,0.27,91,Control,7/12/2022,47,55.17,42.6
7/12/2022 12:54,30.6,29.7,881,22.72853115,0.27,91,Control,7/12/2022,47,55.02,42.45
7/12/2022 12:55,30.6,29.7,883,21.59897465,0.28,92,Control,7/12/2022,47,54.56,42.11
7/12/2022 12:56,30.2,29.7,883,21.80945678,0.26,93,Control,7/12/2022,47,55.2,42.48
7/12/2022 12:58,29.3,30,876,18.58261346,0.25,100,Control,7/12/2022,47,55.16,42.5
7/12/2022 13:00,29.8,29.4,880,20.83550066,0.23,137,Control,7/12/2022,47,55.69,43.26
7/12/2022 13:01,29.3,29.6,880,20.96853698,0.23,138,Control,7/12/2022,47,55.92,43.52
7/12/2022 13:02,29.9,29.9,881,23.55621177,0.33,132,Control,7/12/2022,47,53.73,42.57
7/12/2022 14:13,34.4,30.6,861,22.09575683,0.32,156,Control,7/12/2022,47,54.17,43.58
7/12/2022 14:14,33.8,30.8,860,24.75105196,0.38,155,Control,7/12/2022,47,53.44,43.44
7/12/2022 14:16,34.66666667,30.7,859,24.22134416,0.35,157,Control,7/12/2022,47,53.88,43.65
7/12/2022 14:17,33.8,30.7,858,21.86087277,0.21,157,Control,7/12/2022,47,57.59,45.62
7/12/2022 14:18,33.55,30.6,857,23.95470474,0.27,158,Control,7/12/2022,47,55.79,44.72
7/12/2022 14:19,34.9,31.3,856,26.4584527,0.38,159,Control,7/12/2022,47,54.17,44.32
7/12/2022 14:20,32.2,30.8,855,24.12026811,0.33,159,Control,7/12/2022,47,54.37,44.04
7/12/2022 14:21,36.5,30.8,855,22.76608693,0.31,159,Control,7/12/2022,47,54.65,44.1
7/12/2022 15:39,35,33.8,741,22.76606162,0.48,191,Control,7/12/2022,47,52.94,45.79
7/12/2022 15:40,39.5,34,768,22.5695052,0.45,200,Control,7/12/2022,47,53.92,46.38
7/12/2022 15:41,33.5,33.4,787,21.63206736,0.41,207,Control,7/12/2022,47,54.07,46.11
7/12/2022 15:42,34.9,33.8,765,22.38597365,0.42,204,Control,7/12/2022,47,54.13,46.51
7/12/2022 15:43,34.1,33.8,804,22.67175373,0.42,212,Control,7/12/2022,47,54.7,46.66
7/12/2022 15:44,33.3,34,771,23.35402855,0.45,205,Control,7/12/2022,47,54.08,46.57
7/12/2022 15:45,33.35,33.6,628,21.08346046,0.41,170,Control,7/12/2022,47,52.03,45.72
7/12/2022 15:46,32.7,33,519,21.55604663,0.43,148,Control,7/12/2022,47,49.7,44.65
7/12/2022 15:48,33.3,33.3,559,22.73830899,0.44,154,Control,7/12/2022,47,50.59,45.14
7/12/2022 15:49,32.6,34.3,674,21.30678155,0.5,184,Control,7/12/2022,47,52.12,45.84
7/12/2022 17:27,32.3,33.1,499,26.33184902,0.47,559,Control,7/12/2022,47,49.74,50.52
7/12/2022 17:28,34.2,33,495,26.75541085,0.47,540,Control,7/12/2022,47,49.64,50.23
7/12/2022 17:29,33.1,32.8,492,27.18725146,0.46,522,Control,7/12/2022,47,49.59,49.98
7/12/2022 17:30,30.1,32.7,489,27.46469893,0.47,501,Control,7/12/2022,47,49.35,49.51
7/12/2022 17:31,30.75,32.5,485,27.41036007,0.46,475,Control,7/12/2022,47,49.21,49.08
7/12/2022 17:32,33.2,32.1,478,27.43235942,0.43,443,Control,7/12/2022,47,49.1,48.63
7/12/2022 17:33,31.73333333,31.6,473,27.54257883,0.43,408,Control,7/12/2022,47,48.52,47.64
7/12/2022 17:34,30.95,31.8,469,27.58432173,0.42,372,Control,7/12/2022,47,48.83,47.5
7/12/2022 17:36,31.16666667,32.5,461,27.13339481,0.47,304,Control,7/12/2022,47,48.73,46.66
7/13/2022 13:05,27.8,27.9,336,21.43432692,0.22,80,Control,7/13/2022,47,45.41,40.97
7/13/2022 13:06,27.95,28,363,22.71876463,0.21,83,Control,7/13/2022,47,46.49,41.58
7/13/2022 13:09,28.05,28.1,587,21.45531305,0.23,101,Control,7/13/2022,47,49.6,41.36
7/13/2022 13:10,27.8,28.1,928,21.57646298,0.2,135,Control,7/13/2022,47,56.49,42.62
7/13/2022 13:12,29.85,28.3,646,21.57225973,0.26,97,Control,7/13/2022,47,49.94,41
7/13/2022 13:14,28.8,28,698,22.07516274,0.21,101,Control,7/13/2022,47,52.15,41.78
7/13/2022 13:15,29.75,28.1,667,20.60998172,0.21,97,Control,7/13/2022,47,51.45,41.53
7/13/2022 13:16,28.7,27.9,765,19.132747,0.21,109,Control,7/13/2022,47,52.65,41.25
7/13/2022 13:17,29.7,28.1,827,19.01727709,0.2,112,Control,7/13/2022,47,54.28,41.71
7/13/2022 13:18,28.5,28.1,922,20.55904163,0.2,124,Control,7/13/2022,47,56.2,42.22
7/13/2022 15:06,28.9,27.9,287,21.95619206,0.22,76,Control,7/13/2022,47,44.66,41
7/13/2022 15:08,30.55,27.3,278,23.07440717,0.22,74,Control,7/13/2022,47,44.07,40.53
7/13/2022 15:09,28.2,27.7,271,23.26857371,0.22,72,Control,7/13/2022,47,44.42,40.96
7/13/2022 15:10,27.65,27.5,264,23.01046201,0.2,70,Control,7/13/2022,47,44.55,41.08
7/13/2022 15:12,28.73333333,27.7,253,23.09520383,0.22,71,Control,7/13/2022,47,44.07,40.91
7/13/2022 15:13,27.5,28,252,22.58268497,0.24,73,Control,7/13/2022,47,43.82,40.8
7/13/2022 15:14,29.1,28.1,254,23.21759273,0.22,74,Control,7/13/2022,47,44.54,41.42
7/13/2022 15:15,28.4,28.1,257,23.06197662,0.22,74,Control,7/13/2022,47,44.56,41.39
7/13/2022 15:16,26.8,28.1,263,23.28389701,0.23,76,Control,7/13/2022,47,44.47,41.27
7/13/2022 16:18,32.3,29.7,895,23.86497642,0.35,299,Control,7/13/2022,47,53.31,44.62
7/13/2022 16:19,30.9,29.3,861,23.73794609,0.37,297,Control,7/13/2022,47,51.94,43.86
7/13/2022 16:20,27.73333333,29.5,837,25.50514225,0.38,271,Control,7/13/2022,47,51.88,43.84
7/13/2022 16:22,32.6,29,800,25.04118431,0.3,240,Control,7/13/2022,47,52.59,43.97
7/13/2022 16:23,31.3,29.6,646,24.86326885,0.4,209,Control,7/13/2022,47,48.84,42.71
7/13/2022 16:24,31.93333333,29.8,724,25.23292203,0.42,235,Control,7/13/2022,47,49.84,43.11
7/13/2022 16:25,30.2,30.2,782,23.20277657,0.4,256,Control,7/13/2022,47,51.1,43.75
7/13/2022 16:26,30.35,30.2,760,21.25508421,0.3,260,Control,7/13/2022,47,52.6,44.92
7/14/2022 13:06,27.9,27.3,897,17.76788686,0.23,241,Control,7/14/2022,47,53.29,42.24
7/14/2022 13:07,30.7,27.1,897,18.30320942,0.25,208,Control,7/14/2022,47,52.49,41.16
7/14/2022 13:09,32.8,27.6,898,17.81805469,0.19,159,Control,7/14/2022,47,55.21,42.03
7/14/2022 13:10,26.73333333,28.1,898,16.99628582,0.27,140,Control,7/14/2022,47,52.68,40.53
7/14/2022 13:11,29.05,28.3,899,18.5825798,0.23,125,Control,7/14/2022,47,54.48,41.46
7/14/2022 13:12,32.46666667,28.5,899,18.59481962,0.19,119,Control,7/14/2022,47,56.28,42.41
7/14/2022 13:13,35.6,28.1,897,17.90268924,0.11,117,Control,7/14/2022,47,60.36,44.28
7/14/2022 13:16,27.3,28,898,16.81134157,0.16,112,Control,7/14/2022,47,56.87,42.15
7/14/2022 13:17,30.7,27.8,897,19.81196914,0.2,112,Control,7/14/2022,47,55.33,41.54
7/14/2022 14:55,35.13333333,30.4,834,19.35765338,0.27,171,Control,7/14/2022,47,54.43,43.9
7/14/2022 14:56,35.1,30.2,832,19.69385074,0.32,171,Control,7/14/2022,47,52.93,42.98
7/14/2022 14:57,30.15,30.6,831,18.38566631,0.29,171,Control,7/14/2022,47,53.87,43.62
7/14/2022 14:58,31.3,29.7,829,17.76213183,0.18,170,Control,7/14/2022,47,56.56,44.71
7/14/2022 14:59,33.75,30,827,20.18932795,0.36,171,Control,7/14/2022,47,51.84,42.32
7/14/2022 15:00,36.73333333,30.5,827,16.33812178,0.24,171,Control,7/14/2022,47,54.81,43.99
7/14/2022 15:02,31.33333333,30.6,825,20.18368159,0.35,177,Control,7/14/2022,47,52.64,43.18
7/14/2022 16:16,31.7,33.1,688,14.69265184,0.4,180,Control,7/14/2022,47,51.5,44.43
7/14/2022 16:17,37.45,31.5,686,18.93666876,0.29,180,Control,7/14/2022,47,52.67,44.82
7/14/2022 16:18,35.7,32.1,684,20.95151748,0.34,181,Control,7/14/2022,47,52.49,45.09
7/14/2022 16:19,31.4,32.7,682,22.24483939,0.44,187,Control,7/14/2022,47,51.53,44.87
7/14/2022 16:20,34.26666667,33.1,680,22.7054597,0.39,194,Control,7/14/2022,47,52.81,46.01
7/14/2022 16:21,40.1,32.7,678,22.81215751,0.39,197,Control,7/14/2022,47,52.38,45.64
7/14/2022 16:23,34.36666667,30.5,673,19.19912468,0.23,182,Control,7/14/2022,47,53.12,44.9
7/14/2022 16:24,35.1,31,671,18.91548248,0.25,179,Control,7/14/2022,47,52.96,44.94
7/25/2022 12:19,29.9,30.4,793,20.90668067,0.36,77,Control,7/25/2022,47,51.88,41.49
7/25/2022 12:20,29.6,30.9,793,22.04791203,0.44,77,Control,7/25/2022,47,51.11,41.42
7/25/2022 12:24,29.56666667,31,799,20.58332085,0.55,76,Control,7/25/2022,47,49.52,40.47
7/25/2022 12:28,29.4,31.1,805,20.4026987,0.37,73,Control,7/25/2022,47,52.49,41.99
7/25/2022 12:29,30.45,30.9,805,18.62571638,0.45,76,Control,7/25/2022,47,50.6,40.8
7/25/2022 12:30,30.8,31,805,21.34973071,0.32,76,Control,7/25/2022,47,53.63,42.66
7/25/2022 12:31,30.2,29.9,792,19.89231736,0.28,75,Control,7/25/2022,47,53.07,41.75
7/25/2022 12:34,30.9,30.6,811,21.37680109,0.32,77,Control,7/25/2022,47,53.31,42.25
7/25/2022 12:35,30.9,30.5,810,22.7461897,0.52,77,Control,7/25/2022,47,49.82,40.46
7/25/2022 12:36,32.4,30.9,812,21.88116962,0.45,77,Control,7/25/2022,47,51.18,41.31
7/25/2022 13:55,32.1,32.4,844,21.93730649,0.45,104,Control,7/25/2022,47,53.16,43.29
7/25/2022 13:56,34.3,32.1,845,22.8036485,0.36,105,Control,7/25/2022,47,54.68,44.03
7/25/2022 13:57,36.25,32.1,844,22.74665985,0.49,105,Control,7/25/2022,47,52.35,42.76
7/25/2022 13:58,34,32.5,845,23.54389568,0.48,106,Control,7/25/2022,47,53.04,43.41
7/25/2022 13:59,35.46666667,32.1,846,23.96252653,0.58,105,Control,7/25/2022,47,51.33,42.28
7/25/2022 14:00,39.9,32.2,845,24.94644814,0.49,108,Control,7/25/2022,47,52.78,43.24
7/25/2022 14:04,32.76666667,32.6,844,22.27319586,0.39,108,Control,7/25/2022,47,54.49,44.19
7/25/2022 15:02,34,32.7,804,21.37634687,0.39,922,Control,7/25/2022,47,53.9,55.53
7/25/2022 15:03,41.5,33.5,802,22.3643561,0.42,921,Control,7/25/2022,47,54.31,55.91
7/25/2022 15:04,34.4,33.5,802,23.70198388,0.55,920,Control,7/25/2022,47,52.59,54.03
7/25/2022 15:05,34.55,34.2,800,26.26069892,0.64,919,Control,7/25/2022,47,52.6,53.98
7/25/2022 15:06,35.03333333,33.8,799,24.5316265,0.58,919,Control,7/25/2022,47,52.61,54.05
7/25/2022 15:07,38.1,33.8,797,27.22250439,0.56,916,Control,7/25/2022,47,53.22,54.66
7/25/2022 15:08,36.5,33.8,796,26.06936945,0.42,915,Control,7/25/2022,47,55.12,56.71
7/25/2022 15:09,40.7,34,795,22.4731398,0.36,915,Control,7/25/2022,47,55.88,57.57
7/25/2022 15:10,32.9,34,793,24.42979783,0.46,913,Control,7/25/2022,47,54.37,55.93
7/25/2022 16:29,36.5,34.9,665,24.55246972,0.5,771,Control,7/25/2022,47,53.11,54.45
7/25/2022 16:30,33.4,33.6,663,25.82780117,0.45,768,Control,7/25/2022,47,52.62,54
7/25/2022 16:31,37.75,35.1,660,25.91651276,0.52,764,Control,7/25/2022,47,53.2,54.5
7/25/2022 16:32,35.25,35,658,24.85645174,0.64,761,Control,7/25/2022,47,51.6,52.79
7/25/2022 16:33,34.63333333,34.3,655,25.42360499,0.47,758,Control,7/25/2022,47,52.89,54.23
7/25/2022 16:34,41.3,33.8,653,25.26082234,0.46,755,Control,7/25/2022,47,52.46,53.79
7/25/2022 16:35,38.9,33.1,650,24.52177817,0.43,752,Control,7/25/2022,47,52.02,53.39
7/29/2022 11:57,32.1,34.8,759,23.9684163,0.53,83,Control,7/29/2022,47,53.71,45.24
7/29/2022 11:58,33.5,34.6,761,22.12928194,0.56,83,Control,7/29/2022,47,52.89,44.55
7/29/2022 12:00,32.9,34,763,24.54567875,0.56,82,Control,7/29/2022,47,52.63,44.24
7/29/2022 12:01,32.86666667,34.3,765,25.84000657,0.6,82,Control,7/29/2022,47,52.68,44.49
7/29/2022 12:02,33.8,34.2,767,21.35485971,0.55,81,Control,7/29/2022,47,52.55,44.05
7/29/2022 12:03,32.8,34.6,768,23.31211128,0.53,81,Control,7/29/2022,47,53.51,44.9
7/29/2022 12:04,33.4,34.8,770,21.47829448,0.57,81,Control,7/29/2022,47,52.99,44.58
7/29/2022 12:05,31.75,34,771,23.53758736,0.59,80,Control,7/29/2022,47,52.23,43.88
7/29/2022 12:06,31.8,34.1,773,24.11139467,0.56,80,Control,7/29/2022,47,52.79,44.26
7/29/2022 12:07,31.25,34.3,776,25.56340231,0.59,80,Control,7/29/2022,47,52.89,44.49
7/29/2022 12:08,30.5,34.4,778,23.38111188,0.61,81,Control,7/29/2022,47,52.48,44.17
7/29/2022 13:16,34.43333333,34.9,830,27.42420182,0.51,87,Control,7/29/2022,47,55.48,46.07
7/29/2022 13:18,35.325,35.3,831,24.89219907,0.43,88,Control,7/29/2022,47,56.79,46.82
7/29/2022 13:19,34,35.1,831,25.06901727,0.43,88,Control,7/29/2022,47,56.61,46.64
7/29/2022 13:20,36.125,35.8,831,26.33886659,0.55,88,Control,7/29/2022,47,55.72,46.58
7/29/2022 13:21,39.1,35.8,832,27.33100639,0.53,89,Control,7/29/2022,47,56.14,46.89
7/29/2022 13:22,35.16666667,35.9,832,28.34362566,0.62,89,Control,7/29/2022,47,55.26,46.51
7/29/2022 14:03,37.8,36.1,833,27.7507204,0.65,116,Control,7/29/2022,47,55.06,46.77
7/29/2022 14:04,37.3,36.4,833,28.11521611,0.69,117,Control,7/29/2022,47,55.01,46.91
7/29/2022 14:06,38.45,36.6,831,27.83038074,0.54,119,Control,7/29/2022,47,56.9,48.12
7/29/2022 14:07,39.6,36.9,832,27.36393612,0.57,136,Control,7/29/2022,47,56.77,48.35
7/29/2022 14:09,40.6,35.5,827,27.78024146,0.64,568,Control,7/29/2022,47,54.48,51.48
7/29/2022 14:10,37.75,35.4,826,29.36525348,0.65,816,Control,7/29/2022,47,54.48,54.36
7/29/2022 14:12,37.4,35.4,826,28.69529373,0.69,905,Control,7/29/2022,47,53.97,54.85
7/29/2022 14:13,40.9,35.5,825,28.66377143,0.56,905,Control,7/29/2022,47,55.54,56.51
7/29/2022 14:14,43.5,35.1,826,29.27220194,0.5,906,Control,7/29/2022,47,56.06,57.07
7/29/2022 14:15,39.73333333,35.2,826,28.73050099,0.52,905,Control,7/29/2022,47,55.79,56.77
7/29/2022 15:26,48.05,38.2,761,28.09610002,0.72,859,Control,7/29/2022,47,55.8,56.88
7/29/2022 15:27,42.8,38.3,760,26.87255122,0.75,857,Control,7/29/2022,47,55.46,56.51
7/29/2022 15:28,44.06666667,38,759,28.00103215,0.74,856,Control,7/29/2022,47,55.38,56.43
7/29/2022 15:29,44.2,38,758,28.1211322,0.71,856,Control,7/29/2022,47,55.65,56.74
7/29/2022 15:30,43.2,37.9,756,24.99298954,0.73,854,Control,7/29/2022,47,54.92,56
7/29/2022 15:31,44.8,37.8,753,28.20241726,0.72,849,Control,7/29/2022,47,55.31,56.37
7/29/2022 15:32,45.25,37.3,752,27.99934766,0.73,848,Control,7/29/2022,47,54.66,55.71
7/29/2022 15:33,41.3,38.2,751,28.78095644,0.7,848,Control,7/29/2022,47,55.97,57.05
7/12/2022 13:04,26.1,28.8,883,21.62557538,0.35,119,Fogging,7/12/2022,56,53.25,41.37
7/12/2022 13:05,27.5,28.9,886,23.44629954,0.33,114,Fogging,7/12/2022,56,54.19,41.98
7/12/2022 13:07,29,29,889,23.74750919,0.26,104,Fogging,7/12/2022,56,56.4,43.05
7/12/2022 13:10,27.05,29,890,23.77018007,0.29,104,Fogging,7/12/2022,56,55.49,42.56
7/12/2022 13:11,26.3,29.1,891,23.15011256,0.24,104,Fogging,7/12/2022,56,57.1,43.41
7/12/2022 13:16,26.23333333,29,890,21.33143887,0.25,108,Fogging,7/12/2022,56,56.3,42.84
7/12/2022 13:17,26.4,29.1,889,20.68909084,0.14,109,Fogging,7/12/2022,56,61.22,45.51
7/12/2022 13:18,27.03333333,29.1,889,22.81761282,0.24,110,Fogging,7/12/2022,56,57.01,43.45
7/12/2022 13:19,26.55,29.1,888,24.62209276,0.3,111,Fogging,7/12/2022,56,55.43,42.79
7/12/2022 14:22,28.8,29.5,854,20.49029259,0.32,160,Fogging,7/12/2022,56,54.05,42.98
7/12/2022 14:23,30.1,29.4,853,21.52689124,0.35,160,Fogging,7/12/2022,56,53.39,42.65
7/12/2022 14:24,27.95,29.5,851,22.48899051,0.35,160,Fogging,7/12/2022,56,53.63,42.92
7/12/2022 14:25,28.15,29.5,851,23.79043751,0.25,161,Fogging,7/12/2022,56,56.61,44.78
7/12/2022 14:26,28.7,29.5,851,23.8137181,0.31,161,Fogging,7/12/2022,56,54.84,43.74
7/12/2022 14:27,29.35,29.4,851,24.71448381,0.31,162,Fogging,7/12/2022,56,54.89,43.81
7/12/2022 14:28,26,29.4,849,24.55936504,0.31,162,Fogging,7/12/2022,56,54.83,43.78
7/12/2022 14:29,29.2,29.6,849,24.2327277,0.32,162,Fogging,7/12/2022,56,54.72,43.79
7/12/2022 14:33,28.3,29.6,845,24.52805536,0.37,164,Fogging,7/12/2022,56,53.54,43.18
7/12/2022 14:34,29.3,29.6,844,25.03969054,0.42,164,Fogging,7/12/2022,56,52.6,42.68
7/12/2022 14:35,30.7,29.5,843,24.70025288,0.39,165,Fogging,7/12/2022,56,53.01,42.87
7/12/2022 15:59,31.55,30.3,632,24.1061192,0.42,174,Fogging,7/12/2022,56,50.12,43.42
7/12/2022 16:00,30,30.3,490,24.71988921,0.45,134,Fogging,7/12/2022,56,47.73,42.63
7/12/2022 16:05,30,30.3,654,25.49406087,0.47,181,Fogging,7/12/2022,56,49.88,43.23
7/12/2022 16:06,29.8,30.3,587,25.69390136,0.47,161,Fogging,7/12/2022,56,48.98,42.97
7/12/2022 16:19,28.53333333,30.2,314,25.30819571,0.42,102,Fogging,7/12/2022,56,45.57,42.45
7/12/2022 16:20,29.8,30.1,240,25.00924358,0.39,81,Fogging,7/12/2022,56,44.7,42.3
7/12/2022 16:21,30.1,30,296,25.11543033,0.39,98,Fogging,7/12/2022,56,45.46,42.46
7/12/2022 16:22,31.3,30,351,25.2714141,0.39,115,Fogging,7/12/2022,56,46.31,42.75
7/12/2022 17:37,29.7,29.8,459,26.19777863,0.45,275,Fogging,7/12/2022,56,46.99,44.36
7/12/2022 17:38,29.15,29.7,460,25.91142108,0.47,238,Fogging,7/12/2022,56,46.59,43.46
7/12/2022 17:40,28.7,29.7,461,26.34967246,0.46,178,Fogging,7/12/2022,56,46.81,42.78
7/12/2022 17:41,29,29.7,459,26.12134383,0.47,173,Fogging,7/12/2022,56,46.61,42.57
7/12/2022 17:42,30.2,29.6,455,25.49526713,0.47,158,Fogging,7/12/2022,56,46.35,42.15
7/12/2022 17:43,28.56666667,29.6,451,25.55948199,0.47,138,Fogging,7/12/2022,56,46.31,41.87
7/12/2022 17:44,27.2,29.5,448,25.44111626,0.47,142,Fogging,7/12/2022,56,46.14,41.8
7/12/2022 17:45,28.85,29.6,446,25.77200719,0.46,141,Fogging,7/12/2022,56,46.4,42.05
7/12/2022 17:46,29.3,29.5,444,26.00987506,0.48,133,Fogging,7/12/2022,56,46.05,41.67
7/12/2022 17:47,30.95,29.5,437,26.29835767,0.48,126,Fogging,7/12/2022,56,46,41.62
7/13/2022 13:24,26.23333333,27.2,929,21.35682457,0.22,127,Fogging,7/13/2022,56,56.25,41.83
7/13/2022 13:26,26.7,27.2,846,20.93471746,0.17,119,Fogging,7/13/2022,56,56.88,42.8
7/13/2022 13:28,29.45,27.1,878,21.02803382,0.15,123,Fogging,7/13/2022,56,58.48,43.39
7/13/2022 13:29,26.2,27.1,923,20.43206341,0.08,128,Fogging,7/13/2022,56,64.74,46.39
7/13/2022 15:18,26.53333333,26.5,272,23.70646994,0.26,82,Fogging,7/13/2022,56,43.28,39.95
7/13/2022 15:19,26.1,26.4,276,23.72603306,0.27,84,Fogging,7/13/2022,56,43.04,39.72
7/13/2022 15:20,27.15,26.4,281,23.82336691,0.26,85,Fogging,7/13/2022,56,43.35,39.92
7/13/2022 15:21,24.6,26.4,312,23.84277426,0.27,90,Fogging,7/13/2022,56,43.67,39.84
7/13/2022 15:22,26.15,26.4,297,23.80393981,0.26,86,Fogging,7/13/2022,56,43.62,39.93
7/13/2022 15:24,25.46666667,26.5,285,24.15319576,0.23,82,Fogging,7/13/2022,56,44.27,40.59
7/13/2022 15:26,28.1,26.5,287,24.6833345,0.23,83,Fogging,7/13/2022,56,44.41,40.71
7/13/2022 15:27,26.75,26.5,294,24.6833345,0.22,87,Fogging,7/13/2022,56,44.79,40.99
7/13/2022 16:27,30.35,28.4,534,24.05348015,0.36,209,Fogging,7/13/2022,56,47.68,42.64
7/13/2022 16:28,27.2,28.4,427,22.96652839,0.32,164,Fogging,7/13/2022,56,46.56,42.3
7/13/2022 16:29,27.15,28.4,362,22.78301102,0.32,153,Fogging,7/13/2022,56,45.48,42.09
7/13/2022 16:30,26.36666667,28.4,329,22.12629748,0.32,145,Fogging,7/13/2022,56,44.83,41.85
7/13/2022 16:31,25.9,28.4,373,22.94368569,0.27,161,Fogging,7/13/2022,56,46.68,43.06
7/13/2022 16:32,26.7,28.4,434,22.96652839,0.28,181,Fogging,7/13/2022,56,47.49,43.23
7/13/2022 16:33,28.75,28.5,342,22.87883311,0.26,143,Fogging,7/13/2022,56,46.47,43.03
7/13/2022 16:34,29.3,28.3,530,23.29912198,0.34,188,Fogging,7/13/2022,56,47.76,42.35
7/14/2022 13:18,26.2,27.2,898,18.42387016,0.2,113,Fogging,7/14/2022,56,55.97,41.42
7/14/2022 13:19,27.1,27.1,898,18.54634726,0.21,114,Fogging,7/14/2022,56,55.47,41.14
7/14/2022 13:20,27.9,27.1,898,18.78629287,0.24,114,Fogging,7/14/2022,56,54.39,40.6
7/14/2022 13:21,26.1,27.1,898,18.62667936,0.23,115,Fogging,7/14/2022,56,54.72,40.77
7/14/2022 13:22,24.2,27.1,898,18.02919919,0.21,116,Fogging,7/14/2022,56,55.38,41.08
7/14/2022 13:23,26,26.9,897,18.41257054,0.1,117,Fogging,7/14/2022,56,61.6,44.36
7/14/2022 13:24,25.95,27,897,20.26427148,0.12,118,Fogging,7/14/2022,56,60.53,44.07
7/14/2022 13:25,27.2,27,898,19.39351237,0.21,119,Fogging,7/14/2022,56,55.53,41.3
7/14/2022 13:26,26.8,27,899,20.26427148,0.16,120,Fogging,7/14/2022,56,58.06,42.75
7/14/2022 13:27,25.8,27,898,21.7131331,0.21,121,Fogging,7/14/2022,56,55.97,41.79
7/14/2022 15:03,28.85,28,824,19.36201674,0.23,203,Fogging,7/14/2022,56,54.48,43.48
7/14/2022 15:04,30.65,28.1,822,21.74476811,0.23,250,Fogging,7/14/2022,56,54.99,44.89
7/14/2022 15:05,27.7,28,821,20.51553714,0.23,318,Fogging,7/14/2022,56,54.64,45.77
7/14/2022 15:06,25.35,28,820,20.99229063,0.18,406,Fogging,7/14/2022,56,56.73,48.94
7/14/2022 15:07,32.3,28,818,19.11691529,0.26,510,Fogging,7/14/2022,56,53.35,48.13
7/14/2022 15:08,30.1,28,816,20.49010315,0.35,623,Fogging,7/14/2022,56,51.21,48.23
7/14/2022 15:09,29.9,27.9,814,21.06998498,0.33,717,Fogging,7/14/2022,56,51.63,50.11
7/25/2022 12:37,28.8,28.4,813,24.4588451,0.42,77,Fogging,7/25/2022,56,50.81,40
7/25/2022 12:39,25.2,28.4,814,20.81667305,0.29,77,Fogging,7/25/2022,56,53.12,40.92
7/25/2022 12:40,23.8,28.4,815,22.7599458,0.42,77,Fogging,7/25/2022,56,50.57,39.72
7/25/2022 12:41,24.3,28.5,815,23.37966257,0.42,77,Fogging,7/25/2022,56,50.77,39.93
7/25/2022 12:42,25.75,28.4,816,22.85203855,0.48,77,Fogging,7/25/2022,56,49.59,39.2
7/25/2022 12:43,26.05,28.4,818,20.71400623,0.39,77,Fogging,7/25/2022,56,50.86,39.68
7/25/2022 12:44,24.3,28.5,818,22.48255457,0.48,77,Fogging,7/25/2022,56,49.67,39.25
7/25/2022 12:45,26.6,28.5,819,22.94791144,0.42,77,Fogging,7/25/2022,56,50.76,39.86
7/25/2022 12:46,25.25,28.5,820,22.17380695,0.39,78,Fogging,7/25/2022,56,51.23,40.05
7/25/2022 14:06,30.55,30.4,844,23.41749075,0.37,111,Fogging,7/25/2022,56,54.16,43.03
7/25/2022 14:07,30.2,30.3,844,21.67861832,0.43,131,Fogging,7/25/2022,56,52.61,42.29
7/25/2022 14:08,28.2,30.5,844,22.05613684,0.41,320,Fogging,7/25/2022,56,53.24,45.57
7/25/2022 14:09,28,30.4,844,21.63535183,0.35,644,Fogging,7/25/2022,56,54.31,51.25
7/25/2022 14:10,30,30.4,843,23.11494632,0.53,864,Fogging,7/25/2022,56,51.34,51.62
7/25/2022 14:11,29.95,30.5,843,23.63709287,0.52,939,Fogging,7/25/2022,56,51.66,52.94
7/25/2022 14:12,27.65,30.5,844,23.90869109,0.43,948,Fogging,7/25/2022,56,53.17,54.65
7/25/2022 15:11,31.5,31.3,792,22.50502196,0.41,911,Fogging,7/25/2022,56,53.39,55.11
7/25/2022 15:12,32.9,31.4,788,25.68056073,0.5,907,Fogging,7/25/2022,56,52.46,54.07
7/25/2022 15:17,32.4,31.4,786,25.5151182,0.51,906,Fogging,7/25/2022,56,52.26,53.87
7/25/2022 15:18,30.1,31.3,785,24.09409664,0.48,904,Fogging,7/25/2022,56,52.37,54
7/25/2022 15:19,30.2,31.3,783,21.07041027,0.43,903,Fogging,7/25/2022,56,52.68,54.38
7/25/2022 15:20,34.8,31.3,782,22.421963,0.41,901,Fogging,7/25/2022,56,53.23,54.95
7/25/2022 15:21,33.6,31.4,781,23.72552975,0.47,900,Fogging,7/25/2022,56,52.52,54.16
7/25/2022 15:22,37.4,31.3,780,25.79527047,0.45,899,Fogging,7/25/2022,56,53.05,54.71
7/25/2022 16:36,33.16666667,30.4,648,24.48747839,0.42,748,Fogging,7/25/2022,56,50.52,51.96
7/25/2022 16:37,31.3,30.5,646,23.53736303,0.39,746,Fogging,7/25/2022,56,50.95,52.43
7/25/2022 16:38,32.9,30.4,644,22.80750145,0.43,743,Fogging,7/25/2022,56,50.03,51.45
7/25/2022 16:39,35.53333333,30.4,642,20.53138738,0.46,742,Fogging,7/25/2022,56,49.19,50.59
7/25/2022 16:40,33.4,30.3,640,21.76024337,0.44,738,Fogging,7/25/2022,56,49.54,50.94
7/25/2022 16:41,35.33333333,30.4,637,23.69065964,0.46,735,Fogging,7/25/2022,56,49.61,50.99
7/29/2022 12:08,29.25,31.8,778,27.34262854,0.61,81,Fogging,7/29/2022,56,51.55,42.64
7/29/2022 12:09,30.1,31.9,781,26.90106366,0.55,81,Fogging,7/29/2022,56,52.37,43.1
7/29/2022 12:10,27.66666667,31.8,783,26.55317627,0.56,81,Fogging,7/29/2022,56,52.11,42.86
7/29/2022 12:12,29.13333333,31.7,784,25.75449965,0.58,80,Fogging,7/29/2022,56,51.65,42.48
7/29/2022 12:13,29.63333333,31.7,786,26.66294402,0.55,80,Fogging,7/29/2022,56,52.19,42.83
7/29/2022 12:14,28.5,31.6,786,26.94949466,0.57,80,Fogging,7/29/2022,56,51.87,42.62
7/29/2022 12:15,28.2,31.8,789,27.69320863,0.52,79,Fogging,7/29/2022,56,52.91,43.32
7/29/2022 13:23,32.6,32.3,833,28.6944059,0.49,89,Fogging,7/29/2022,56,54.63,44.41
7/29/2022 13:24,31.76666667,32.3,832,27.33191501,0.49,90,Fogging,7/29/2022,56,54.4,44.21
7/29/2022 13:25,32.3,32.4,832,27.35984163,0.51,90,Fogging,7/29/2022,56,54.2,44.15
7/29/2022 13:26,30.76666667,32.4,833,27.92292401,0.56,91,Fogging,7/29/2022,56,53.59,43.85
7/29/2022 13:27,31.26666667,32.3,833,28.17807247,0.49,91,Fogging,7/29/2022,56,54.55,44.36
7/29/2022 13:29,35.7,32.4,834,27.60958349,0.72,93,Fogging,7/29/2022,56,51.71,42.81
7/29/2022 13:30,31.2,32.4,834,27.47375388,0.71,95,Fogging,7/29/2022,56,51.79,42.87
7/29/2022 14:16,35.3,33.9,826,28.05096909,0.65,906,Fogging,7/29/2022,56,53.98,54.96
7/29/2022 14:17,33.4,34,826,29.447693,0.57,906,Fogging,7/29/2022,56,55.27,56.29
7/29/2022 14:18,32,34.1,824,29.79041272,0.66,905,Fogging,7/29/2022,56,54.31,55.29
7/29/2022 14:19,34.35,34,824,27.70972507,0.65,904,Fogging,7/29/2022,56,54.01,54.99
7/29/2022 14:20,34.16666667,34,821,25.91140485,0.62,902,Fogging,7/29/2022,56,54.06,55.07
7/29/2022 14:22,46.9,34.1,820,29.1580634,0.64,902,Fogging,7/29/2022,56,54.39,55.4
7/29/2022 14:23,36.7,34.1,819,28.81087709,0.65,901,Fogging,7/29/2022,56,54.22,55.22
7/29/2022 15:34,38.93333333,35,750,28.11233916,0.7,847,Fogging,7/29/2022,56,53.7,54.85
7/29/2022 15:35,38.13333333,34.9,749,27.08087519,0.71,846,Fogging,7/29/2022,56,53.34,54.49
7/29/2022 15:36,35.1,34.9,748,27.39800409,0.7,845,Fogging,7/29/2022,56,53.47,54.62
7/29/2022 15:37,38.3,34.8,745,26.93320988,0.71,843,Fogging,7/29/2022,56,53.16,54.33
7/29/2022 15:38,37.16666667,34.8,744,26.74544229,0.68,840,Fogging,7/29/2022,56,53.42,54.58
7/29/2022 15:39,38.8,34.7,741,27.1301659,0.72,837,Fogging,7/29/2022,56,52.95,54.08
7/12/2022 13:29,29.33333333,29.5,887,18.21877573,0.38,120,Netting,7/12/2022,52,52.24,40.91
7/12/2022 13:30,30,29.3,887,17.5587122,0.31,120,Netting,7/12/2022,52,53.53,41.43
7/12/2022 13:31,29.6,29.3,888,21.06386199,0.35,121,Netting,7/12/2022,52,53.15,41.53
7/12/2022 13:32,29.23333333,29.2,888,21.15512863,0.3,122,Netting,7/12/2022,52,54.31,42.12
7/12/2022 13:33,31.43333333,29.2,887,22.30382926,0.26,123,Netting,7/12/2022,52,55.68,42.98
7/12/2022 13:34,31.26666667,29.3,887,21.48480074,0.26,125,Netting,7/12/2022,52,55.64,42.97
7/12/2022 14:47,27.85,30.2,824,21.58494758,0.36,169,Netting,7/12/2022,52,52.99,43.19
7/12/2022 14:48,31.1,30.2,821,22.74718689,0.35,170,Netting,7/12/2022,52,53.36,43.53
7/12/2022 14:51,31.3,30.3,802,21.62400364,0.4,168,Netting,7/12/2022,52,51.99,42.81
7/12/2022 14:52,32.5,30.3,808,21.34851673,0.37,170,Netting,7/12/2022,52,52.61,43.15
7/12/2022 14:53,34.25,30.3,756,22.55758269,0.47,161,Netting,7/12/2022,52,50.31,42.15
7/12/2022 14:54,31.6,30.5,774,23.18413527,0.45,165,Netting,7/12/2022,52,51.18,42.71
7/12/2022 14:55,29.5,30.5,810,21.67382434,0.42,174,Netting,7/12/2022,52,51.95,42.91
7/12/2022 14:56,31.2,30.5,802,21.61856715,0.41,172,Netting,7/12/2022,52,52.01,42.98
7/12/2022 14:58,31.45,30.5,777,22.0290852,0.46,169,Netting,7/12/2022,52,50.88,42.49
7/12/2022 14:59,34.35,30.5,810,22.45731741,0.49,177,Netting,7/12/2022,52,50.93,42.39
7/12/2022 15:00,33.5,30.6,763,22.65704117,0.41,173,Netting,7/12/2022,52,51.72,43.26
7/12/2022 15:01,27.7,30.5,803,23.00502813,0.45,201,Netting,7/12/2022,52,51.55,43.19
7/12/2022 16:35,29,29.7,428,24.75918221,0.42,136,Netting,7/12/2022,52,46.19,41.99
7/12/2022 16:36,30.4,29.7,418,24.87086963,0.4,131,Netting,7/12/2022,52,46.34,42.16
7/12/2022 16:37,30.5,29.6,332,24.79669188,0.42,108,Netting,7/12/2022,52,44.71,41.49
7/12/2022 16:38,30.3,29.7,308,25.20209937,0.42,102,Netting,7/12/2022,52,44.54,41.57
7/12/2022 16:39,30.8,29.7,334,25.09232033,0.42,111,Netting,7/12/2022,52,44.9,41.69
7/12/2022 16:40,31.4,29.7,297,24.93757243,0.41,107,Netting,7/12/2022,52,44.47,41.71
7/12/2022 16:41,31.3,29.7,563,25.48463918,0.43,203,Netting,7/12/2022,52,48.07,42.96
7/12/2022 16:42,31.4,29.6,497,24.77444828,0.44,233,Netting,7/12/2022,52,46.78,43.06
7/12/2022 17:56,29.8,29.7,428,24.02857955,0.4,106,Netting,7/12/2022,52,46.35,41.65
7/12/2022 17:57,31,29.6,427,23.93277571,0.39,105,Netting,7/12/2022,52,46.37,41.62
7/12/2022 18:07,29.4,29.5,451,26.00987506,0.44,100,Netting,7/12/2022,52,46.22,41.26
7/12/2022 18:08,29.4,29.5,451,25.82213573,0.44,101,Netting,7/12/2022,52,46.19,41.25
7/12/2022 18:09,29.1,29.6,447,25.7508592,0.44,101,Netting,7/12/2022,52,46.23,41.34
7/12/2022 18:10,29.8,29.6,446,25.62348462,0.45,102,Netting,7/12/2022,52,46.07,41.24
7/12/2022 18:11,30.7,29.7,449,26.03764656,0.43,101,Netting,7/12/2022,52,46.55,41.59
7/12/2022 18:12,29.53333333,29.7,446,26.14221199,0.44,100,Netting,7/12/2022,52,46.39,41.5
7/12/2022 18:13,31,29.8,442,26.28126825,0.44,98,Netting,7/12/2022,52,46.46,41.6
7/13/2022 13:54,28.8,28.4,910,22.05455955,0.28,170,Netting,7/13/2022,52,54.57,42.52
7/13/2022 13:55,28.7,28.5,877,23.53628886,0.21,166,Netting,7/13/2022,52,56.83,44.24
7/13/2022 13:57,32.2,28.6,835,20.19333269,0.23,162,Netting,7/13/2022,52,54.83,43.19
7/13/2022 13:59,28.43333333,28.8,757,21.0653858,0.26,149,Netting,7/13/2022,52,52.92,42.77
7/13/2022 14:01,29.25,28.9,863,19.56720966,0.24,164,Netting,7/13/2022,52,55.15,43.23
7/13/2022 14:02,35.8,28.8,871,19.64230779,0.26,161,Netting,7/13/2022,52,54.54,42.71
7/13/2022 14:04,28.66666667,29,918,19.23230721,0.23,165,Netting,7/13/2022,52,56.47,43.49
7/13/2022 15:39,27,27,352,24.98811134,0.3,105,Netting,7/13/2022,52,44.16,40.14
7/13/2022 15:40,27.35,27,345,24.70206697,0.31,105,Netting,7/13/2022,52,43.81,39.95
7/13/2022 15:41,27.4,27,352,24.37265436,0.31,108,Netting,7/13/2022,52,43.86,39.94
7/13/2022 15:42,27.26666667,27,378,23.43127875,0.3,114,Netting,7/13/2022,52,44.31,40.02
7/13/2022 15:43,27.65,26.9,422,23.23109729,0.29,124,Netting,7/13/2022,52,45.08,40.19
7/13/2022 15:44,29.2,27,445,23.61517219,0.29,130,Netting,7/13/2022,52,45.63,40.47
7/13/2022 15:45,28.25,27.1,395,24.19487846,0.3,117,Netting,7/13/2022,52,44.82,40.31
7/13/2022 16:45,27.4,27.5,711,23.73149496,0.29,676,Netting,7/13/2022,52,50.46,49.9
7/13/2022 16:46,26.7,27.5,614,24.18392198,0.27,610,Netting,7/13/2022,52,49.49,49.43
7/13/2022 16:47,30.13333333,27.6,607,24.0151914,0.33,631,Netting,7/13/2022,52,48.05,48.42
7/13/2022 16:48,30.15,27.5,605,23.77307031,0.33,631,Netting,7/13/2022,52,47.87,48.27
7/13/2022 16:49,30.4,27.7,643,23.73735045,0.3,678,Netting,7/13/2022,52,49.34,49.89
7/13/2022 16:50,28.3,27.6,659,23.15031574,0.37,709,Netting,7/13/2022,52,47.9,48.64
7/13/2022 16:51,31,27.7,727,23.56821815,0.32,799,Netting,7/13/2022,52,50.16,51.27
7/14/2022 13:45,21.7,27.6,897,18.24440062,0.23,208,Netting,7/14/2022,52,54.52,42.56
7/14/2022 13:46,27.9,27.8,896,18.93006014,0.3,217,Netting,7/14/2022,52,52.63,41.78
7/14/2022 13:47,30.4,27.8,896,18.79266619,0.25,200,Netting,7/14/2022,52,54.11,42.34
7/14/2022 13:48,29.85,27.8,894,19.94198568,0.24,178,Netting,7/14/2022,52,54.62,42.36
7/14/2022 13:49,26.4,27.9,894,17.77649629,0.24,160,Netting,7/14/2022,52,54.33,41.75
7/14/2022 13:50,26.4,28,894,15.0810141,0.23,149,Netting,7/14/2022,52,54.3,41.36
7/14/2022 13:51,28,28,894,14.59442602,0.26,146,Netting,7/14/2022,52,53.23,40.69
7/14/2022 13:52,28.1,28.1,894,17.48533938,0.25,147,Netting,7/14/2022,52,54.15,41.5
7/14/2022 13:53,27.55,28.1,894,17.15054148,0.26,148,Netting,7/14/2022,52,53.77,41.29
7/14/2022 13:54,30.5,28.1,894,18.25294474,0.28,149,Netting,7/14/2022,52,53.35,41.17
7/14/2022 15:20,28.5,28.5,798,20.0995456,0.29,190,Netting,7/14/2022,52,52.26,42.45
7/14/2022 15:21,31.85,28.6,796,19.06145166,0.32,176,Netting,7/14/2022,52,51.41,41.69
7/14/2022 15:22,29.6,28.7,794,19.82586362,0.33,175,Netting,7/14/2022,52,51.37,41.77
7/14/2022 15:23,28.8,28.7,792,20.20655029,0.18,175,Netting,7/14/2022,52,56.17,44.72
7/14/2022 15:24,29.4,28.8,790,19.01783333,0.28,174,Netting,7/14/2022,52,52.53,42.47
7/14/2022 15:25,31.63333333,28.8,788,20.54110877,0.25,174,Netting,7/14/2022,52,53.65,43.28
7/14/2022 15:26,29.4,28.8,786,19.7813289,0.26,174,Netting,7/14/2022,52,53.17,42.96
7/14/2022 15:27,32.85,28.9,784,19.22583865,0.27,174,Netting,7/14/2022,52,52.85,42.79
7/14/2022 16:43,32.73333333,29.1,626,18.28502159,0.37,191,Netting,7/14/2022,52,48.2,41.68
7/14/2022 16:44,32.2,29.1,624,19.64019499,0.47,244,Netting,7/14/2022,52,46.83,41.58
7/14/2022 16:45,34.35,29,621,17.79133361,0.46,366,Netting,7/14/2022,52,46.54,43
7/14/2022 16:46,37.4,28.9,619,21.51834531,0.45,537,Netting,7/14/2022,52,47.11,45.97
7/14/2022 16:47,32,28.9,616,18.00906778,0.34,697,Netting,7/14/2022,52,48.35,49.58
7/14/2022 16:48,32.4,28.8,614,18.52029952,0.32,764,Netting,7/14/2022,52,48.7,51.03
7/25/2022 12:58,31.5,31.1,830,20.97444325,0.43,80,Netting,7/25/2022,52,52.57,41.99
7/25/2022 12:59,30.3,31,831,20.0336024,0.3,80,Netting,7/25/2022,52,55.08,43.17
7/25/2022 13:00,31.6,31.2,831,20.49489641,0.34,80,Netting,7/25/2022,52,54.39,42.96
7/25/2022 13:01,29.65,31.2,832,23.27482817,0.28,81,Netting,7/25/2022,52,56.42,44.29
7/25/2022 13:02,29.9,31.1,832,22.64604176,0.36,81,Netting,7/25/2022,52,54.22,43
7/25/2022 13:04,33,31.3,834,22.14242841,0.44,81,Netting,7/25/2022,52,52.84,42.31
7/25/2022 13:06,27.9,31.3,834,21.1299535,0.51,81,Netting,7/25/2022,52,51.6,41.58
7/25/2022 13:07,30.3,31.4,834,21.13308359,0.46,81,Netting,7/25/2022,52,52.46,42.09
7/25/2022 14:23,33.1,32.2,838,24.34902099,0.44,945,Netting,7/25/2022,52,54.17,55.63
7/25/2022 14:24,32.9,32.2,838,23.09513732,0.49,945,Netting,7/25/2022,52,53.17,54.58
7/25/2022 14:25,34.1,32.2,837,24.26970724,0.51,944,Netting,7/25/2022,52,53.03,54.43
7/25/2022 14:26,31.26666667,32.2,836,22.89687475,0.4,944,Netting,7/25/2022,52,54.64,56.17
7/25/2022 14:27,32.6,32.2,835,20.94891959,0.42,943,Netting,7/25/2022,52,53.95,55.45
7/25/2022 14:28,38.15,32.2,834,22.25988767,0.44,943,Netting,7/25/2022,52,53.79,55.28
7/25/2022 14:29,32.25,32.2,834,22.86838149,0.44,943,Netting,7/25/2022,52,53.88,55.38
7/25/2022 15:33,36.46666667,31.3,764,22.31064602,0.55,882,Netting,7/25/2022,52,50.32,51.83
7/25/2022 15:35,35.4,31.6,762,25.80131254,0.55,880,Netting,7/25/2022,52,51.12,52.62
7/25/2022 15:36,35.1,31.7,760,26.70840907,0.57,878,Netting,7/25/2022,52,51.08,52.56
7/25/2022 15:37,34.3,31.8,760,24.84614108,0.48,879,Netting,7/25/2022,52,52.13,53.72
7/25/2022 15:38,35.75,31.8,759,23.60003508,0.54,879,Netting,7/25/2022,52,51.09,52.64
7/25/2022 15:39,38.13333333,31.9,758,22.87117308,0.54,878,Netting,7/25/2022,52,51.08,52.62
7/25/2022 16:51,36.8,31.3,615,21.51242828,0.61,661,Netting,7/25/2022,52,47.66,48.23
7/25/2022 16:52,37.9,31.2,612,20.88826153,0.52,653,Netting,7/25/2022,52,48.41,48.95
7/25/2022 16:53,37.06666667,31.2,610,22.63101669,0.52,643,Netting,7/25/2022,52,48.64,49.07
7/25/2022 16:54,35.7,31.1,608,22.99523743,0.47,632,Netting,7/25/2022,52,49.21,49.53
7/25/2022 16:55,38.63333333,31.3,605,23.47430563,0.46,624,Netting,7/25/2022,52,49.59,49.85
7/25/2022 16:57,34.1,31.4,599,24.21422161,0.47,605,Netting,7/25/2022,52,49.58,49.67
7/25/2022 16:59,32.8,31.4,595,25.49136776,0.54,589,Netting,7/25/2022,52,48.83,48.76
7/25/2022 17:00,39,31.5,592,25.79989123,0.49,587,Netting,7/25/2022,52,49.57,49.5
7/29/2022 12:28,34.3,34.5,802,22.67125832,0.63,78,Netting,7/29/2022,52,53.24,44.39
7/29/2022 12:29,35.6,34.4,803,24.11989446,0.6,78,Netting,7/29/2022,52,53.7,44.68
7/29/2022 12:30,34.3,34.4,805,23.99873205,0.68,78,Netting,7/29/2022,52,52.84,44.19
7/29/2022 12:31,33.55,34.4,806,23.53740292,0.58,78,Netting,7/29/2022,52,53.89,44.73
7/29/2022 12:32,32.6,34.4,807,23.56850778,0.62,78,Netting,7/29/2022,52,53.44,44.48
7/29/2022 12:33,33.5,34.3,808,22.25782407,0.62,78,Netting,7/29/2022,52,53.16,44.18
7/29/2022 12:34,34.65,34.3,808,20.99054257,0.63,78,Netting,7/29/2022,52,52.87,43.94
7/29/2022 12:35,35.9,34.1,809,20.88027066,0.57,78,Netting,7/29/2022,52,53.35,44.08
7/29/2022 12:36,34.3,34.2,808,23.29077276,0.64,78,Netting,7/29/2022,52,52.98,44.1
7/29/2022 12:37,31.8,34.1,809,23.69087107,0.65,78,Netting,7/29/2022,52,52.84,44
7/29/2022 13:38,34.25,35.8,835,28.99981213,0.48,394,Netting,7/29/2022,52,57.94,52.1
7/29/2022 13:39,36.2,35.8,837,27.84930087,0.65,463,Netting,7/29/2022,52,55.53,51.06
7/29/2022 13:40,36.675,35.7,836,26.2747009,0.71,563,Netting,7/29/2022,52,54.57,51.41
7/29/2022 13:41,36.3,35.7,837,28.54609412,0.53,658,Netting,7/29/2022,52,57.04,54.75
7/29/2022 13:42,33.93333333,35.7,836,28.28590453,0.7,774,Netting,7/29/2022,52,54.95,54.23
7/29/2022 13:43,33.6,35.6,837,27.44449446,0.64,845,Netting,7/29/2022,52,55.38,55.47
7/29/2022 13:44,36.65,35.6,836,26.21044866,0.62,723,Netting,7/29/2022,52,55.42,54.05
7/29/2022 14:33,35.7,35.8,815,26.07538319,0.7,901,Netting,7/29/2022,52,54.5,55.5
7/29/2022 14:34,40.45,35.9,815,27.48015197,0.56,903,Netting,7/29/2022,52,56.4,57.5
7/29/2022 14:35,41.03333333,36,813,27.49110799,0.59,900,Netting,7/29/2022,52,56.1,57.17
7/29/2022 14:36,39.1,36.1,810,25.5708726,0.68,897,Netting,7/29/2022,52,54.88,55.9
7/29/2022 14:37,38.45,36.1,808,25.26087337,0.71,896,Netting,7/29/2022,52,54.52,55.53
7/29/2022 14:38,37.9,36,808,24.24103696,0.69,896,Netting,7/29/2022,52,54.47,55.49
7/29/2022 14:39,45,36,807,25.07472119,0.71,896,Netting,7/29/2022,52,54.38,55.41
7/29/2022 14:40,37.26666667,35.9,808,26.07970793,0.65,896,Netting,7/29/2022,52,55.04,56.08
7/29/2022 15:52,37.6,34.8,717,24.61096146,0.73,808,Netting,7/29/2022,52,51.84,52.89
7/29/2022 15:53,45.2,34.8,716,22.07218362,0.69,808,Netting,7/29/2022,52,51.85,52.92
7/29/2022 15:54,44.23333333,34.7,714,22.75555809,0.71,805,Netting,7/29/2022,52,51.63,52.69
7/29/2022 15:55,37.9,34.6,711,23.37570885,0.68,802,Netting,7/29/2022,52,51.85,52.92
7/29/2022 15:56,38.85,34.6,709,24.15327481,0.7,801,Netting,7/29/2022,52,51.75,52.82
7/29/2022 15:57,41.4,34.6,707,23.24830027,0.63,799,Netting,7/29/2022,52,52.28,53.39
7/29/2022 15:58,38.2,34.5,707,22.6056147,0.71,797,Netting,7/29/2022,52,51.32,52.37
7/29/2022 15:59,39.8,34.5,705,22.6056147,0.67,795,Netting,7/29/2022,52,51.66,52.73
7/12/2022 13:21,26,28.2,889,25.23077248,0.35,112,Fognet,7/12/2022,56,53.32,41.24
7/12/2022 13:22,26.1,28.3,889,25.66663829,0.36,113,Fognet,7/12/2022,56,53.26,41.31
7/12/2022 13:23,26.9,28.3,888,25.40863414,0.41,114,Fognet,7/12/2022,56,52.14,40.7
7/12/2022 13:24,27.43333333,28.3,890,25.24813507,0.33,115,Fognet,7/12/2022,56,53.94,41.66
7/12/2022 13:25,32,28.3,889,23.32141166,0.4,116,Fognet,7/12/2022,56,52.02,40.5
7/12/2022 13:26,27.93333333,28.3,889,20.07159148,0.31,117,Fognet,7/12/2022,56,53.56,41.06
7/12/2022 13:27,24.5,28.2,889,20.95723809,0.36,118,Fognet,7/12/2022,56,52.39,40.48
7/12/2022 13:28,29.9,28.3,888,23.05219385,0.41,119,Fognet,7/12/2022,56,51.76,40.39
7/12/2022 14:37,27.86666667,28.8,843,22.19386657,0.35,165,Fognet,7/12/2022,56,52.73,42.2
7/12/2022 14:38,25,29,842,23.86059526,0.29,166,Fognet,7/12/2022,56,54.73,43.61
7/12/2022 14:39,28.65,29.1,840,25.34928533,0.29,166,Fognet,7/12/2022,56,55.07,44
7/12/2022 14:40,28.05,29.1,839,22.03491803,0.27,166,Fognet,7/12/2022,56,55.04,43.73
7/12/2022 14:41,28.85,29.1,839,23.59224887,0.42,167,Fognet,7/12/2022,56,51.78,41.95
7/12/2022 14:42,27.2,29.1,837,23.6381977,0.29,167,Fognet,7/12/2022,56,54.71,43.7
7/12/2022 14:43,27.75,29.2,832,24.32206074,0.29,167,Fognet,7/12/2022,56,54.86,43.93
7/12/2022 14:44,26.2,29.2,838,23.19852216,0.33,169,Fognet,7/12/2022,56,53.71,43.14
7/12/2022 14:45,32.7,29.3,837,24.14913819,0.34,169,Fognet,7/12/2022,56,53.72,43.27
7/12/2022 14:46,30.53333333,29.4,836,25.27993947,0.43,171,Fognet,7/12/2022,56,52.13,42.49
7/12/2022 16:25,28.9,30,280,26.16062413,0.4,93,Fognet,7/12/2022,56,45.26,42.45
7/12/2022 16:26,30,30,371,26.35048518,0.39,119,Fognet,7/12/2022,56,46.79,42.99
7/12/2022 16:27,28.45,30,636,26.43427767,0.43,194,Fognet,7/12/2022,56,50.07,43.66
7/12/2022 16:28,29.5,29.8,709,26.42651969,0.42,221,Fognet,7/12/2022,56,51.08,43.96
7/12/2022 16:29,29.1,29.9,521,26.64775016,0.4,173,Fognet,7/12/2022,56,48.81,43.63
7/12/2022 16:30,28.66666667,30,479,26.92961889,0.4,158,Fognet,7/12/2022,56,48.34,43.56
7/12/2022 16:31,30.5,30,242,26.99066375,0.42,89,Fognet,7/12/2022,56,44.58,42.32
7/12/2022 16:32,29.8,30,438,27.11218589,0.45,146,Fognet,7/12/2022,56,47.05,42.86
7/12/2022 16:34,28.6,30,374,27.05151899,0.47,122,Fognet,7/12/2022,56,45.88,42.31
7/12/2022 17:49,30.8,29.4,435,26.60528821,0.47,122,Fognet,7/12/2022,56,46.03,41.6
7/12/2022 17:50,30,29.4,432,26.74492227,0.47,119,Fognet,7/12/2022,56,46.01,41.58
7/12/2022 18:17,28.35,29.8,408,27.03707133,0.45,92,Fognet,7/12/2022,56,46.4,41.86
7/12/2022 18:18,28.4,29.8,393,26.6934364,0.45,90,Fognet,7/12/2022,56,46.13,41.77
7/12/2022 18:19,29.2,29.8,380,26.81540951,0.44,86,Fognet,7/12/2022,56,46.09,41.83
7/12/2022 18:20,29.16666667,29.8,360,26.67303337,0.44,81,Fognet,7/12/2022,56,45.78,41.73
7/12/2022 18:21,27.2,29.8,360,24.65268514,0.44,84,Fognet,7/12/2022,56,45.46,41.45
7/12/2022 18:22,26.8,29.8,348,25.07841465,0.42,95,Fognet,7/12/2022,56,45.61,41.88
7/13/2022 13:36,26.3,26.2,909,19.67275361,0.19,132,Fognet,7/13/2022,56,55.84,41.2
7/13/2022 13:37,25.25,26.2,902,18.22898843,0.24,132,Fognet,7/13/2022,56,53.44,39.85
7/13/2022 13:38,23.3,26.2,905,18.46061774,0.24,133,Fognet,7/13/2022,56,53.53,39.91
7/13/2022 13:40,24.6,26,903,19.43465041,0.17,136,Fognet,7/13/2022,56,56.44,41.53
7/13/2022 13:41,24.9,26.1,902,20.14302057,0.22,137,Fognet,7/13/2022,56,54.43,40.6
7/13/2022 13:44,23.5,26,900,20.07065445,0.18,139,Fognet,7/13/2022,56,56.01,41.45
7/13/2022 13:45,25.05,26.1,901,19.5776383,0.19,144,Fognet,7/13/2022,56,55.57,41.3
7/13/2022 13:46,26.4,25.9,901,19.88231672,0.12,144,Fognet,7/13/2022,56,59.44,43.37
7/13/2022 13:47,26.4,26,901,20.73027475,0.19,144,Fognet,7/13/2022,56,55.69,41.43
7/13/2022 13:48,26.5,26.1,902,20.35066286,0.19,147,Fognet,7/13/2022,56,55.74,41.52
7/13/2022 13:50,25.3,26,906,21.56067994,0.18,154,Fognet,7/13/2022,56,56.42,42.05
7/13/2022 13:51,26.3,26.1,909,21.72140281,0.18,159,Fognet,7/13/2022,56,56.6,42.29
7/13/2022 13:55,29.2,26.4,877,21.68827722,0.21,166,Fognet,7/13/2022,56,54.98,41.98
7/13/2022 13:56,29.7,26.3,833,20.88353336,0.28,161,Fognet,7/13/2022,56,51.57,40.25
7/13/2022 15:29,25.3,25.9,307,24.53260109,0.22,91,Fognet,7/13/2022,56,44.36,40.38
7/13/2022 15:30,25.6,26,313,24.70415385,0.27,92,Fognet,7/13/2022,56,43.42,39.6
7/13/2022 15:31,25.8,26,326,24.74034522,0.25,96,Fognet,7/13/2022,56,44.1,40.03
7/13/2022 15:32,25.6,26.1,383,24.96562361,0.26,109,Fognet,7/13/2022,56,45.01,40.23
7/13/2022 15:33,26.4,26.2,394,25.10070719,0.28,112,Fognet,7/13/2022,56,44.87,40.07
7/13/2022 15:35,26.9,26.4,407,25.33497307,0.31,114,Fognet,7/13/2022,56,44.72,39.89
7/13/2022 15:36,26.05,26.3,415,23.82207582,0.32,115,Fognet,7/13/2022,56,44.29,39.39
7/13/2022 15:37,24.5,26.3,357,22.95315451,0.3,103,Fognet,7/13/2022,56,43.57,39.33
7/13/2022 15:38,23,26.3,370,23.13414843,0.31,107,Fognet,7/13/2022,56,43.62,39.28
7/13/2022 16:36,25.55,27.8,264,21.86061693,0.27,104,Fognet,7/13/2022,56,43.98,41.23
7/13/2022 16:37,25.1,27.8,283,22.09294801,0.27,105,Fognet,7/13/2022,56,44.35,41.29
7/13/2022 16:38,25.7,27.7,178,22.8542039,0.24,79,Fognet,7/13/2022,56,43.17,41.39
7/13/2022 16:39,26.05,27.5,183,22.68344151,0.31,81,Fognet,7/13/2022,56,41.75,40.07
7/13/2022 16:40,26.95,27.5,217,22.2384258,0.29,93,Fognet,7/13/2022,56,42.57,40.47
7/13/2022 16:41,26.7,27.4,599,22.4547312,0.24,208,Fognet,7/13/2022,56,50.19,43.3
7/13/2022 16:42,26.25,27.4,702,22.34376092,0.26,300,Fognet,7/13/2022,56,51.35,44.47
7/13/2022 16:43,25.33333333,27.4,598,22.32148832,0.25,361,Fognet,7/13/2022,56,49.86,45.75
7/14/2022 13:30,24.7,26.3,899,20.19414698,0.29,122,Fognet,7/14/2022,56,52.25,39.31
7/14/2022 13:31,23.9,26.2,892,16.68913502,0.29,123,Fognet,7/14/2022,56,51.43,38.6
7/14/2022 13:35,25.33333333,26.1,898,17.31435319,0.2,127,Fognet,7/14/2022,56,54.65,40.29
7/14/2022 15:12,26.25,27.8,810,21.14584601,0.31,740,Fognet,7/14/2022,56,51.97,50.85
7/14/2022 15:13,26.25,27.9,809,21.33786118,0.34,671,Fognet,7/14/2022,56,51.37,49.22
7/14/2022 15:14,27.2,27.9,807,19.24135897,0.34,565,Fognet,7/14/2022,56,50.99,47.21
7/14/2022 15:15,27,28.1,805,20.83750147,0.3,476,Fognet,7/14/2022,56,52.41,47.06
7/14/2022 15:16,28.75,28.2,804,22.21944699,0.31,388,Fognet,7/14/2022,56,52.47,45.77
7/14/2022 15:17,28.86666667,28.1,803,20.71144517,0.34,327,Fognet,7/14/2022,56,51.38,43.91
7/14/2022 15:18,28.1,28.2,802,21.35474585,0.32,257,Fognet,7/14/2022,56,52.04,43.32
7/14/2022 15:19,26.45,28.2,800,21.00739189,0.35,214,Fognet,7/14/2022,56,51.26,42.13
7/14/2022 16:33,28.23333333,29.4,651,22.6418319,0.41,178,Fognet,7/14/2022,56,49.38,42.39
7/14/2022 16:36,27.05,29.5,643,22.85954947,0.43,177,Fognet,7/14/2022,56,49.08,42.3
7/14/2022 16:37,26.6,29.6,640,23.02794249,0.43,176,Fognet,7/14/2022,56,49.17,42.42
7/14/2022 16:38,28.46666667,29.7,638,22.5784278,0.45,176,Fognet,7/14/2022,56,48.87,42.25
7/14/2022 16:39,32.3,29.7,636,21.59897465,0.44,176,Fognet,7/14/2022,56,48.83,42.19
7/14/2022 16:40,31.9,29.7,633,21.67818244,0.44,176,Fognet,7/14/2022,56,48.8,42.2
7/14/2022 16:41,28,29.8,631,21.95593288,0.41,176,Fognet,7/14/2022,56,49.4,42.67
7/25/2022 12:49,26.3,28.2,822,22.5452716,0.34,78,Fognet,7/25/2022,56,52.08,40.36
7/25/2022 12:50,26.8,28.2,823,22.70609974,0.39,78,Fognet,7/25/2022,56,51.04,39.81
7/25/2022 12:51,26.7,28.1,823,23.26182127,0.46,78,Fognet,7/25/2022,56,49.76,39.13
7/25/2022 12:52,25.9,28.2,825,23.04619748,0.33,78,Fognet,7/25/2022,56,52.45,40.57
7/25/2022 12:53,26.4,28.2,825,22.4990682,0.35,78,Fognet,7/25/2022,56,51.89,40.23
7/25/2022 12:54,28.4,28.2,826,23.02371319,0.41,78,Fognet,7/25/2022,56,50.75,39.66
7/25/2022 12:55,28.4,28.4,826,23.72727587,0.35,79,Fognet,7/25/2022,56,52.32,40.67
7/25/2022 12:56,25.7,28.3,828,23.07477504,0.45,79,Fognet,7/25/2022,56,50.18,39.42
7/25/2022 12:57,25.4,28.3,830,22.38534504,0.4,79,Fognet,7/25/2022,56,51,39.78
7/25/2022 14:14,28.75,29.4,842,24.17734569,0.4,946,Fognet,7/25/2022,56,52.61,54.13
7/25/2022 14:15,28.2,29.4,842,21.34324933,0.57,945,Fognet,7/25/2022,56,49.49,50.83
7/25/2022 14:16,28.35,29.4,841,22.59255827,0.47,945,Fognet,7/25/2022,56,51.1,52.54
7/25/2022 14:17,28.35,29.4,841,23.2471725,0.48,946,Fognet,7/25/2022,56,51.04,52.48
7/25/2022 14:18,29.2,29.5,840,22.53882003,0.46,945,Fognet,7/25/2022,56,51.34,52.81
7/25/2022 14:19,31.7,29.5,840,23.46148954,0.42,944,Fognet,7/25/2022,56,52.19,53.68
7/25/2022 14:20,32.4,29.6,839,24.77444828,0.4,945,Fognet,7/25/2022,56,52.87,54.41
7/25/2022 14:21,27.9,29.7,838,25.20209937,0.3,943,Fognet,7/25/2022,56,55.35,57.02
7/25/2022 14:22,25.9,29.6,837,25.53810069,0.4,944,Fognet,7/25/2022,56,52.96,54.52
7/25/2022 15:24,29.2,30.4,777,20.23745355,0.42,897,Fognet,7/25/2022,56,51.7,53.42
7/25/2022 15:25,29.05,30.5,776,20.71150295,0.51,895,Fognet,7/25/2022,56,50.46,52.07
7/25/2022 15:26,29.8,30.3,774,20.7850549,0.54,892,Fognet,7/25/2022,56,49.84,51.4
7/25/2022 15:27,30.23333333,30.5,773,24.53572123,0.6,892,Fognet,7/25/2022,56,49.83,51.35
7/25/2022 15:28,30.2,30.5,772,22.64165526,0.57,890,Fognet,7/25/2022,56,49.91,51.44
7/25/2022 15:29,35.7,30.6,770,23.65723697,0.55,888,Fognet,7/25/2022,56,50.39,51.94
7/25/2022 15:30,30.1,30.5,769,22.32453692,0.56,887,Fognet,7/25/2022,56,49.95,51.49
7/25/2022 15:31,28,30.5,767,18.55760405,0.58,886,Fognet,7/25/2022,56,49.14,50.68
7/25/2022 16:43,31,31,633,22.36163632,0.55,730,Fognet,7/25/2022,56,48.81,50.09
7/25/2022 16:44,31.05,31,632,23.29597802,0.55,728,Fognet,7/25/2022,56,48.93,50.2
7/25/2022 16:45,28,31.1,629,25.01374597,0.58,718,Fognet,7/25/2022,56,48.91,50.06
7/25/2022 16:46,30.2,31.2,626,26.15876045,0.57,709,Fognet,7/25/2022,56,49.25,50.34
7/25/2022 16:47,31.56666667,31.1,625,25.74224489,0.53,701,Fognet,7/25/2022,56,49.55,50.57
7/25/2022 16:48,33.6,30.9,622,22.70050534,0.46,687,Fognet,7/25/2022,56,49.77,50.68
7/25/2022 16:49,30.1,31,620,23.0072622,0.44,677,Fognet,7/25/2022,56,50.19,51
7/25/2022 16:50,29.1,30.9,617,24.91811582,0.55,669,Fognet,7/25/2022,56,48.87,49.56
7/29/2022 12:17,29.7,31.2,791,23.45856583,0.62,79,Fognet,7/29/2022,56,50.41,41.33
7/29/2022 12:18,28.7,31.3,793,23.8640266,0.57,79,Fognet,7/29/2022,56,51.19,41.82
7/29/2022 12:19,27.65,31.2,793,24.30168256,0.6,79,Fognet,7/29/2022,56,50.79,41.58
7/29/2022 12:20,29.3,31.2,794,22.76696007,0.59,79,Fognet,7/29/2022,56,50.7,41.42
7/29/2022 12:21,28.1,31.2,795,23.92305393,0.65,79,Fognet,7/29/2022,56,50.19,41.22
7/29/2022 12:22,28.65,31.2,795,26.20411279,0.59,79,Fognet,7/29/2022,56,51.21,41.93
7/29/2022 12:24,29.9,31.2,798,26.67404747,0.59,78,Fognet,7/29/2022,56,51.32,41.99
7/29/2022 12:26,27.46666667,31.2,802,25.72255268,0.69,78,Fognet,7/29/2022,56,50.11,41.23
7/29/2022 13:31,29.8,31.8,835,26.01646365,0.63,126,Fognet,7/29/2022,56,51.84,42.89
7/29/2022 13:32,29.6,31.8,834,26.39138822,0.55,229,Fognet,7/29/2022,56,52.88,44.89
7/29/2022 13:33,30.6,31.8,833,26.50708784,0.62,429,Fognet,7/29/2022,56,52,46.89
7/29/2022 13:34,29.83333333,31.7,833,24.70093371,0.63,669,Fognet,7/29/2022,56,51.52,49.47
7/29/2022 13:35,31.5,31.8,834,26.57617975,0.66,806,Fognet,7/29/2022,56,51.57,51.22
7/29/2022 13:36,29.4,31.8,833,27.03065481,0.69,733,Fognet,7/29/2022,56,51.3,50.08
7/29/2022 13:37,29.35,31.9,833,25.89794576,0.64,498,Fognet,7/29/2022,56,51.78,47.6
7/29/2022 14:25,31.1,32.8,819,20.92011135,0.68,902,Fognet,7/29/2022,56,51.42,52.43
7/29/2022 14:26,32.5,32.8,818,22.48831638,0.71,902,Fognet,7/29/2022,56,51.33,52.33
7/29/2022 14:27,32.96666667,32.8,817,24.3499349,0.68,900,Fognet,7/29/2022,56,51.88,52.88
7/29/2022 14:28,32.95,33,816,27.66031446,0.61,900,Fognet,7/29/2022,56,53.33,54.38
7/29/2022 14:29,33.1,33,815,27.73001091,0.66,900,Fognet,7/29/2022,56,52.75,53.79
7/29/2022 14:30,33.6,33.2,817,27.66515608,0.67,903,Fognet,7/29/2022,56,52.87,53.91
7/29/2022 14:31,32.5,33.1,817,27.33265808,0.62,901,Fognet,7/29/2022,56,53.28,54.33
7/29/2022 14:32,32.5,33.2,817,27.35687029,0.65,903,Fognet,7/29/2022,56,53.04,54.1
7/29/2022 15:41,33.4,33.8,738,27.51887524,0.72,834,Fognet,7/29/2022,56,52.02,53.16
7/29/2022 15:42,31.95,33.7,736,25.65582674,0.73,831,Fognet,7/29/2022,56,51.54,52.66
7/29/2022 15:43,33.6,33.6,734,26.75680927,0.69,829,Fognet,7/29/2022,56,51.94,53.09
7/29/2022 15:44,32.2,33.5,731,27.33018321,0.69,824,Fognet,7/29/2022,56,51.88,53.01
7/29/2022 15:45,37.2,33.4,730,27.4763942,0.7,824,Fognet,7/29/2022,56,51.69,52.82
7/29/2022 15:46,33.7,33.4,727,27.73889289,0.72,822,Fognet,7/29/2022,56,51.5,52.63
7/29/2022 15:48,36.1,33.4,725,28.25363725,0.73,819,Fognet,7/29/2022,56,51.46,52.57
7/29/2022 15:49,35.8,33.4,723,27.92762862,0.74,817,Fognet,7/29/2022,56,51.3,52.4
7/29/2022 15:50,37.4,33.3,721,28.31829241,0.68,814,Fognet,7/29/2022,56,51.79,52.92
7/29/2022 15:51,33.6,33.3,720,27.35669505,0.76,812,Fognet,7/29/2022,56,50.9,51.97
7/12/2022 13:37,31.46666667,28.2,884,25.11011216,0.2,128,Conventional,7/12/2022,53,57.54,43.87
7/12/2022 13:38,27.33333333,28.2,884,25.13027466,0.24,129,Conventional,7/12/2022,53,55.96,43
7/12/2022 13:39,28.48,28.2,882,25.11011216,0.17,131,Conventional,7/12/2022,53,58.92,44.73
7/12/2022 13:40,29.5,28.2,882,24.96838138,0.19,132,Conventional,7/12/2022,53,57.92,44.17
7/12/2022 13:41,28.1,28.2,881,24.98869253,0.18,133,Conventional,7/12/2022,53,58.38,44.46
7/12/2022 13:43,30.26666667,28.3,881,25.24813507,0.3,159,Conventional,7/12/2022,53,54.13,42.57
7/12/2022 15:01,32.05,28.7,803,25.14788231,0.45,201,Conventional,7/12/2022,53,50.14,41.69
7/12/2022 15:02,27.5,28.7,809,23.77347751,0.4,240,Conventional,7/12/2022,53,50.91,42.6
7/12/2022 15:03,30.63333333,28.8,780,23.003763,0.45,289,Conventional,7/12/2022,53,49.6,42.71
7/12/2022 15:04,32,28.7,704,22.60270529,0.44,330,Conventional,7/12/2022,53,48.53,43.24
7/12/2022 15:05,27.5,28.7,635,22.81463162,0.37,382,Conventional,7/12/2022,53,48.77,44.97
7/12/2022 15:06,28.5,28.7,764,23.27726114,0.44,555,Conventional,7/12/2022,53,49.48,46.54
7/12/2022 15:07,29.53333333,28.8,726,23.50995056,0.35,612,Conventional,7/12/2022,53,50.75,49.02
7/12/2022 16:43,29.5,29,377,24.21803846,0.47,219,Conventional,7/12/2022,53,44.11,41.91
7/12/2022 16:44,28.16666667,28.9,277,24.16577375,0.48,168,Conventional,7/12/2022,53,42.5,40.99
7/12/2022 16:45,27.8,28.9,410,24.64517185,0.47,377,Conventional,7/12/2022,53,44.53,44.07
7/12/2022 16:46,27.6,28.9,571,25.00759361,0.46,603,Conventional,7/12/2022,53,46.95,47.4
7/12/2022 16:47,29.8,29,577,25.4606915,0.43,615,Conventional,7/12/2022,53,47.65,48.19
7/12/2022 16:48,30.86666667,29,644,25.72857177,0.45,714,Conventional,7/12/2022,53,48.33,49.31
7/12/2022 17:59,30.5,29.1,429,26.09055913,0.4,102,Conventional,7/12/2022,53,46.18,41.36
7/12/2022 18:02,29.6,29,438,26.17364806,0.43,100,Conventional,7/12/2022,53,45.78,40.93
7/12/2022 18:03,28.95,29,446,26.27339658,0.43,101,Conventional,7/12/2022,53,45.91,40.96
7/12/2022 18:04,28.34,29,446,26.35282922,0.44,99,Conventional,7/12/2022,53,45.79,40.84
7/12/2022 18:05,29.1,29,446,26.45166697,0.43,98,Conventional,7/12/2022,53,45.94,40.94
7/12/2022 18:06,28.6,29,448,26.53037816,0.43,99,Conventional,7/12/2022,53,45.98,40.97
7/13/2022 14:09,29.9,27.6,917,19.01453811,0.2,171,Conventional,7/13/2022,53,56.35,42.81
7/13/2022 14:10,29.55,27.6,919,20.88284677,0.24,175,Conventional,7/13/2022,53,55.16,42.36
7/13/2022 14:11,26.55,27.6,920,22.01637962,0.29,181,Conventional,7/13/2022,53,53.76,41.76
7/13/2022 14:12,27.7,27.6,924,19.98505731,0.28,187,Conventional,7/13/2022,53,53.78,41.67
7/13/2022 14:13,26.2,27.5,921,19.78829728,0.28,192,Conventional,7/13/2022,53,53.59,41.61
7/13/2022 14:14,26.6,27.5,892,20.24477354,0.27,190,Conventional,7/13/2022,53,53.5,41.83
7/13/2022 14:16,29.9,27.5,789,21.4803462,0.2,182,Conventional,7/13/2022,53,54.44,43.39
7/13/2022 14:17,27.3,27.5,738,21.45688912,0.26,174,Conventional,7/13/2022,53,51.48,41.96
7/13/2022 14:20,26.5,27.4,652,21.59448157,0.25,161,Conventional,7/13/2022,53,50.25,41.84
7/13/2022 14:21,32.9,27.3,541,21.86555877,0.33,140,Conventional,7/13/2022,53,46.48,40.15
7/13/2022 15:47,28,26.8,374,24.79113891,0.31,113,Conventional,7/13/2022,53,44.18,39.96
7/13/2022 15:48,27.06666667,26.8,378,24.81002998,0.27,115,Conventional,7/13/2022,53,45.07,40.63
7/13/2022 15:49,26.95,26.8,373,24.81002998,0.26,113,Conventional,7/13/2022,53,45.22,40.77
7/13/2022 15:51,26.5,26.9,358,24.88962541,0.2,107,Conventional,7/13/2022,53,46.67,42.03
7/13/2022 15:53,26.25,27,361,24.98811134,0.2,106,Conventional,7/13/2022,53,46.85,42.14
7/13/2022 15:54,25.7,27,324,24.93124136,0.18,98,Conventional,7/13/2022,53,46.79,42.48
7/13/2022 15:55,26.6,27,306,24.89323457,0.17,97,Conventional,7/13/2022,53,46.78,42.72
7/13/2022 15:56,26.95,27,332,24.87420302,0.18,100,Conventional,7/13/2022,53,46.93,42.5
7/13/2022 16:53,28.46666667,29,710,23.58805405,0.36,785,Conventional,7/13/2022,53,50.52,51.64
7/13/2022 16:54,25.3,28.9,698,22.50691488,0.38,778,Conventional,7/13/2022,53,49.68,50.85
7/13/2022 16:55,29.9,28.9,684,22.864662,0.38,768,Conventional,7/13/2022,53,49.53,50.76
7/13/2022 16:56,27.05,28.9,670,22.95893027,0.34,762,Conventional,7/13/2022,53,50.12,51.53
7/13/2022 16:57,28,28.9,654,23.40041816,0.34,756,Conventional,7/13/2022,53,49.95,51.51
7/13/2022 16:58,24.9,28.8,640,21.85000142,0.37,751,Conventional,7/13/2022,53,48.79,50.44
7/13/2022 16:59,30.43333333,28.8,627,22.55545905,0.34,746,Conventional,7/13/2022,53,49.29,51.11
7/14/2022 13:56,28.5,25.7,893,22.00264051,0.26,150,Conventional,7/14/2022,53,52.3,39.71
7/14/2022 13:57,25.93333333,25.7,886,22.04361659,0.26,151,Conventional,7/14/2022,53,52.19,39.73
7/14/2022 13:58,23.6,25.8,892,22.14085905,0.16,152,Conventional,7/14/2022,53,56.62,42.23
7/14/2022 13:59,23.9,25.9,891,22.0527236,0.21,153,Conventional,7/14/2022,53,54.31,41
7/14/2022 14:00,25.2,25.9,890,22.44195853,0.23,153,Conventional,7/14/2022,53,53.58,40.64
7/14/2022 14:02,25.36666667,25.9,888,22.70372526,0.15,154,Conventional,7/14/2022,53,57.32,42.82
7/14/2022 15:28,32.5,28.7,782,24.2788137,0.31,174,Conventional,7/14/2022,53,52.56,42.91
7/14/2022 15:29,26.7,28.7,781,24.38692624,0.27,174,Conventional,7/14/2022,53,53.66,43.6
7/14/2022 15:30,26.73333333,28.8,778,24.31031186,0.29,174,Conventional,7/14/2022,53,53.13,43.35
7/14/2022 15:31,28.1,28.9,777,24.01068816,0.26,174,Conventional,7/14/2022,53,54.03,43.94
7/14/2022 15:32,28.6,29,774,23.26508231,0.44,174,Conventional,7/14/2022,53,49.93,41.43
7/14/2022 15:33,29.53333333,29,774,21.48547816,0.43,174,Conventional,7/14/2022,53,49.82,41.25
7/14/2022 15:34,28.2,29.1,771,21.63102467,0.48,174,Conventional,7/14/2022,53,49.12,40.9
7/14/2022 15:35,29.05,29.2,769,21.2862942,0.39,174,Conventional,7/14/2022,53,50.64,41.87
7/14/2022 16:50,30.66666667,31,608,24.60457408,0.29,769,Conventional,7/14/2022,53,52.76,55.32
7/14/2022 16:51,26.075,31.1,605,25.0376798,0.33,765,Conventional,7/14/2022,53,51.99,54.44
7/14/2022 16:52,31.5,31.1,603,23.44238817,0.32,764,Conventional,7/14/2022,53,51.9,54.38
7/14/2022 16:53,27.9,31.1,601,22.23494211,0.42,761,Conventional,7/14/2022,53,49.84,52.11
7/25/2022 13:08,26.95,28.1,834,22.97247681,0.44,81,Conventional,7/25/2022,53,49.79,39.08
7/25/2022 13:09,28.85,28.1,834,23.80617605,0.38,82,Conventional,7/25/2022,53,51.05,39.83
7/25/2022 13:11,26.66666667,28.1,836,24.50175802,0.43,82,Conventional,7/25/2022,53,50.23,39.43
7/25/2022 13:12,27,28.1,837,23.93454095,0.41,82,Conventional,7/25/2022,53,50.52,39.54
7/25/2022 13:13,26.4,28.1,838,21.52809699,0.31,83,Conventional,7/25/2022,53,52.35,40.31
7/25/2022 13:15,25.2,28.1,839,22.79219934,0.37,83,Conventional,7/25/2022,53,51.17,39.79
7/25/2022 13:16,24.75,28.1,839,23.08428575,0.41,84,Conventional,7/25/2022,53,50.42,39.43
7/25/2022 14:30,28.8,29.3,833,25.58569601,0.43,943,Conventional,7/25/2022,53,51.6,53.14
7/25/2022 14:31,31.9,29.4,833,26.05713881,0.38,944,Conventional,7/25/2022,53,52.75,54.37
7/25/2022 14:32,29,29.4,832,26.28232355,0.37,943,Conventional,7/25/2022,53,52.98,54.62
7/25/2022 14:33,28.7,29.5,832,26.5220629,0.36,943,Conventional,7/25/2022,53,53.35,54.99
7/25/2022 14:34,31.15,29.5,831,26.60277848,0.39,942,Conventional,7/25/2022,53,52.71,54.31
7/25/2022 14:35,30,29.6,830,26.92104817,0.41,942,Conventional,7/25/2022,53,52.45,54.05
7/25/2022 14:36,30.8,29.6,829,27.06003854,0.33,942,Conventional,7/25/2022,53,54.2,55.92
7/25/2022 14:37,32.66666667,29.7,828,27.15814676,0.36,942,Conventional,7/25/2022,53,53.6,55.29
7/25/2022 15:40,34.45,32.7,756,26.17505427,0.58,875,Conventional,7/25/2022,53,52.01,53.5
7/25/2022 15:41,31.3,32.7,754,26.44475101,0.62,874,Conventional,7/25/2022,53,51.56,53.03
7/25/2022 15:42,34.1,32.8,753,27.32818968,0.55,872,Conventional,7/25/2022,53,52.62,54.14
7/25/2022 15:43,32.63333333,32.8,751,27.81366757,0.52,869,Conventional,7/25/2022,53,53.07,54.61
7/25/2022 15:44,32.13333333,32.9,749,28.22737942,0.57,868,Conventional,7/25/2022,53,52.55,54.06
7/25/2022 15:45,37.35,32.9,749,27.68016012,0.63,866,Conventional,7/25/2022,53,51.77,53.2
7/25/2022 15:46,33.8,32.9,747,26.11669194,0.56,864,Conventional,7/25/2022,53,52.34,53.83
7/25/2022 17:01,33.03333333,32.5,590,27.63822024,0.53,587,Conventional,7/25/2022,53,50.49,50.45
7/25/2022 17:02,29.8,32.5,587,27.70606717,0.52,591,Conventional,7/25/2022,53,50.59,50.64
7/25/2022 17:03,31.65,32.5,584,27.728631,0.45,598,Conventional,7/25/2022,53,51.5,51.69
7/25/2022 17:04,32.4,32.5,581,27.86347436,0.56,606,Conventional,7/25/2022,53,50.06,50.38
7/25/2022 17:05,30.13333333,32.5,579,27.84106439,0.5,613,Conventional,7/25/2022,53,50.76,51.21
7/25/2022 17:06,35.65,32.4,576,27.56441103,0.45,616,Conventional,7/25/2022,53,51.26,51.81
7/25/2022 17:07,36.2,32.4,573,27.54178587,0.49,622,Conventional,7/25/2022,53,50.65,51.31
7/29/2022 12:38,33.8,31.2,808,27.24064182,0.58,78,Conventional,7/29/2022,53,51.25,41.92
7/29/2022 12:39,29.5,31.2,808,27.34774997,0.61,78,Conventional,7/29/2022,53,50.9,41.73
7/29/2022 12:40,30.73333333,31.2,809,26.98117163,0.57,78,Conventional,7/29/2022,53,51.35,41.95
7/29/2022 12:41,28.8,31.1,811,26.81892436,0.63,78,Conventional,7/29/2022,53,50.52,41.42
7/29/2022 12:42,29.55,31.1,812,27.1864464,0.6,78,Conventional,7/29/2022,53,50.94,41.67
7/29/2022 12:43,29.525,31.1,814,27.52617229,0.59,79,Conventional,7/29/2022,53,51.14,41.8
7/29/2022 12:44,28.26666667,31.1,813,27.29324313,0.6,79,Conventional,7/29/2022,53,50.97,41.7
7/29/2022 13:45,33.23333333,31.9,834,28.19885461,0.62,423,Conventional,7/29/2022,53,51.95,46.86
7/29/2022 13:46,30.875,31.9,834,28.62010609,0.63,188,Conventional,7/29/2022,53,51.9,43.92
7/29/2022 13:47,30.7,31.9,832,26.8327269,0.6,111,Conventional,7/29/2022,53,51.97,42.9
7/29/2022 13:48,33.15,31.8,835,26.53014566,0.6,105,Conventional,7/29/2022,53,51.86,42.67
7/29/2022 13:49,28.9,31.8,835,26.27499793,0.65,106,Conventional,7/29/2022,53,51.25,42.32
7/29/2022 13:50,32.95,31.8,836,27.27619319,0.68,106,Conventional,7/29/2022,53,51.07,42.28
7/29/2022 14:42,36,32.4,805,28.14373151,0.64,895,Conventional,7/29/2022,53,51.88,52.98
7/29/2022 14:43,35.625,32.3,805,28.30842258,0.61,894,Conventional,7/29/2022,53,52.15,53.25
7/29/2022 14:44,31.1,32.3,804,28.33006439,0.69,893,Conventional,7/29/2022,53,51.26,52.31
7/29/2022 14:45,31.75,32.2,803,28.42656152,0.71,895,Conventional,7/29/2022,53,50.95,52.03
7/29/2022 14:46,33.16666667,32.2,804,28.53329368,0.64,895,Conventional,7/29/2022,53,51.72,52.82
7/29/2022 14:48,36.16666667,32.2,803,28.82912606,0.71,897,Conventional,7/29/2022,53,51.01,52.11
7/29/2022 16:01,35.7,33.8,700,29.56628254,0.7,791,Conventional,7/29/2022,53,51.68,52.75
7/29/2022 16:02,36.75,33.8,698,29.65452324,0.71,788,Conventional,7/29/2022,53,51.57,52.63
7/29/2022 16:03,35.96666667,33.8,697,29.67652277,0.69,787,Conventional,7/29/2022,53,51.75,52.82
7/29/2022 16:04,32.7,33.8,694,29.56628254,0.72,784,Conventional,7/29/2022,53,51.42,52.47
7/29/2022 16:05,36.43333333,33.8,693,29.56628254,0.68,783,Conventional,7/29/2022,53,51.79,52.86
7/29/2022 16:06,33.65,33.8,691,29.61045153,0.7,780,Conventional,7/29/2022,53,51.58,52.63
7/29/2022 16:07,37.1,33.8,689,29.69849815,0.68,777,Conventional,7/29/2022,53,51.76,52.81
7/29/2022 16:08,34,33.8,687,29.69849815,0.7,775,Conventional,7/29/2022,53,51.54,52.58
